code,name,province,city,area
110101,东城区,11,01,01
110102,西城区,11,01,02
110105,朝阳区,11,01,05
110106,丰台区,11,01,06
110107,石景山区,11,01,07
110108,海淀区,11,01,08
110109,门头沟区,11,01,09
110111,房山区,11,01,11
110112,通州区,11,01,12
110113,顺义区,11,01,13
110114,昌平区,11,01,14
110115,大兴区,11,01,15
110116,怀柔区,11,01,16
110117,平谷区,11,01,17
110118,密云区,11,01,18
110119,延庆区,11,01,19
120101,和平区,12,01,01
120102,河东区,12,01,02
120103,河西区,12,01,03
120104,南开区,12,01,04
120105,河北区,12,01,05
120106,红桥区,12,01,06
120110,东丽区,12,01,10
120111,西青区,12,01,11
120112,津南区,12,01,12
120113,北辰区,12,01,13
120114,武清区,12,01,14
120115,宝坻区,12,01,15
120116,滨海新区,12,01,16
120117,宁河区,12,01,17
120118,静海区,12,01,18
120119,蓟州区,12,01,19
130102,长安区,13,01,02
130104,桥西区,13,01,04
130105,新华区,13,01,05
130107,井陉矿区,13,01,07
130108,裕华区,13,01,08
130109,藁城区,13,01,09
130110,鹿泉区,13,01,10
130111,栾城区,13,01,11
130121,井陉县,13,01,21
130123,正定县,13,01,23
130125,行唐县,13,01,25
130126,灵寿县,13,01,26
130127,高邑县,13,01,27
130128,深泽县,13,01,28
130129,赞皇县,13,01,29
130130,无极县,13,01,30
130131,平山县,13,01,31
130132,元氏县,13,01,32
130133,赵县,13,01,33
130181,辛集市,13,01,81
130183,晋州市,13,01,83
130184,新乐市,13,01,84
130202,路南区,13,02,02
130203,路北区,13,02,03
130204,古冶区,13,02,04
130205,开平区,13,02,05
130207,丰南区,13,02,07
130208,丰润区,13,02,08
130209,曹妃甸区,13,02,09
130224,滦南县,13,02,24
130225,乐亭县,13,02,25
130227,迁西县,13,02,27
130229,玉田县,13,02,29
130281,遵化市,13,02,81
130283,迁安市,13,02,83
130284,滦州市,13,02,84
130302,海港区,13,03,02
130303,山海关区,13,03,03
130304,北戴河区,13,03,04
130306,抚宁区,13,03,06
130321,青龙满族自治县,13,03,21
130322,昌黎县,13,03,22
130324,卢龙县,13,03,24
130402,邯山区,13,04,02
130403,丛台区,13,04,03
130404,复兴区,13,04,04
130406,峰峰矿区,13,04,06
130407,肥乡区,13,04,07
130408,永年区,13,04,08
130423,临漳县,13,04,23
130424,成安县,13,04,24
130425,大名县,13,04,25
130426,涉县,13,04,26
130427,磁县,13,04,27
130430,邱县,13,04,30
130431,鸡泽县,13,04,31
130432,广平县,13,04,32
130433,馆陶县,13,04,33
130434,魏县,13,04,34
130435,曲周县,13,04,35
130481,武安市,13,04,81
130502,襄都区,13,05,02
130503,信都区,13,05,03
130505,任泽区,13,05,05
130506,南和区,13,05,06
130522,临城县,13,05,22
130523,内丘县,13,05,23
130524,柏乡县,13,05,24
130525,隆尧县,13,05,25
130528,宁晋县,13,05,28
130529,巨鹿县,13,05,29
130530,新河县,13,05,30
130531,广宗县,13,05,31
130532,平乡县,13,05,32
130533,威县,13,05,33
130534,清河县,13,05,34
130535,临西县,13,05,35
130581,南宫市,13,05,81
130582,沙河市,13,05,82
130602,竞秀区,13,06,02
130606,莲池区,13,06,06
130607,满城区,13,06,07
130608,清苑区,13,06,08
130609,徐水区,13,06,09
130623,涞水县,13,06,23
130624,阜平县,13,06,24
130626,定兴县,13,06,26
130627,唐县,13,06,27
130628,高阳县,13,06,28
130629,容城县,13,06,29
130630,涞源县,13,06,30
130631,望都县,13,06,31
130632,安新县,13,06,32
130633,易县,13,06,33
130634,曲阳县,13,06,34
130635,蠡县,13,06,35
130636,顺平县,13,06,36
130637,博野县,13,06,37
130638,雄县,13,06,38
130681,涿州市,13,06,81
130682,定州市,13,06,82
130683,安国市,13,06,83
130684,高碑店市,13,06,84
130702,桥东区,13,07,02
130703,桥西区,13,07,03
130705,宣化区,13,07,05
130706,下花园区,13,07,06
130708,万全区,13,07,08
130709,崇礼区,13,07,09
130722,张北县,13,07,22
130723,康保县,13,07,23
130724,沽源县,13,07,24
130725,尚义县,13,07,25
130726,蔚县,13,07,26
130727,阳原县,13,07,27
130728,怀安县,13,07,28
130730,怀来县,13,07,30
130731,涿鹿县,13,07,31
130732,赤城县,13,07,32
130802,双桥区,13,08,02
130803,双滦区,13,08,03
130804,鹰手营子矿区,13,08,04
130821,承德县,13,08,21
130822,兴隆县,13,08,22
130824,滦平县,13,08,24
130825,隆化县,13,08,25
130826,丰宁满族自治县,13,08,26
130827,宽城满族自治县,13,08,27
130828,围场满族蒙古族自治县,13,08,28
130881,平泉市,13,08,81
130902,新华区,13,09,02
130903,运河区,13,09,03
130921,沧县,13,09,21
130922,青县,13,09,22
130923,东光县,13,09,23
130924,海兴县,13,09,24
130925,盐山县,13,09,25
130926,肃宁县,13,09,26
130927,南皮县,13,09,27
130928,吴桥县,13,09,28
130929,献县,13,09,29
130930,孟村回族自治县,13,09,30
130981,泊头市,13,09,81
130982,任丘市,13,09,82
130983,黄骅市,13,09,83
130984,河间市,13,09,84
131002,安次区,13,10,02
131003,广阳区,13,10,03
131022,固安县,13,10,22
131023,永清县,13,10,23
131024,香河县,13,10,24
131025,大城县,13,10,25
131026,文安县,13,10,26
131028,大厂回族自治县,13,10,28
131081,霸州市,13,10,81
131082,三河市,13,10,82
131102,桃城区,13,11,02
131103,冀州区,13,11,03
131121,枣强县,13,11,21
131122,武邑县,13,11,22
131123,武强县,13,11,23
131124,饶阳县,13,11,24
131125,安平县,13,11,25
131126,故城县,13,11,26
131127,景县,13,11,27
131128,阜城县,13,11,28
131182,深州市,13,11,82
140105,小店区,14,01,05
140106,迎泽区,14,01,06
140107,杏花岭区,14,01,07
140108,尖草坪区,14,01,08
140109,万柏林区,14,01,09
140110,晋源区,14,01,10
140121,清徐县,14,01,21
140122,阳曲县,14,01,22
140123,娄烦县,14,01,23
140181,古交市,14,01,81
140212,新荣区,14,02,12
140213,平城区,14,02,13
140214,云冈区,14,02,14
140215,云州区,14,02,15
140221,阳高县,14,02,21
140222,天镇县,14,02,22
140223,广灵县,14,02,23
140224,灵丘县,14,02,24
140225,浑源县,14,02,25
140226,左云县,14,02,26
140302,城区,14,03,02
140303,矿区,14,03,03
140311,郊区,14,03,11
140321,平定县,14,03,21
140322,盂县,14,03,22
140403,潞州区,14,04,03
140404,上党区,14,04,04
140405,屯留区,14,04,05
140406,潞城区,14,04,06
140423,襄垣县,14,04,23
140425,平顺县,14,04,25
140426,黎城县,14,04,26
140427,壶关县,14,04,27
140428,长子县,14,04,28
140429,武乡县,14,04,29
140430,沁县,14,04,30
140431,沁源县,14,04,31
140502,城区,14,05,02
140521,沁水县,14,05,21
140522,阳城县,14,05,22
140524,陵川县,14,05,24
140525,泽州县,14,05,25
140581,高平市,14,05,81
140602,朔城区,14,06,02
140603,平鲁区,14,06,03
140621,山阴县,14,06,21
140622,应县,14,06,22
140623,右玉县,14,06,23
140681,怀仁市,14,06,81
140702,榆次区,14,07,02
140703,太谷区,14,07,03
140721,榆社县,14,07,21
140722,左权县,14,07,22
140723,和顺县,14,07,23
140724,昔阳县,14,07,24
140725,寿阳县,14,07,25
140727,祁县,14,07,27
140728,平遥县,14,07,28
140729,灵石县,14,07,29
140781,介休市,14,07,81
140802,盐湖区,14,08,02
140821,临猗县,14,08,21
140822,万荣县,14,08,22
140823,闻喜县,14,08,23
140824,稷山县,14,08,24
140825,新绛县,14,08,25
140826,绛县,14,08,26
140827,垣曲县,14,08,27
140828,夏县,14,08,28
140829,平陆县,14,08,29
140830,芮城县,14,08,30
140881,永济市,14,08,81
140882,河津市,14,08,82
140902,忻府区,14,09,02
140921,定襄县,14,09,21
140922,五台县,14,09,22
140923,代县,14,09,23
140924,繁峙县,14,09,24
140925,宁武县,14,09,25
140926,静乐县,14,09,26
140927,神池县,14,09,27
140928,五寨县,14,09,28
140929,岢岚县,14,09,29
140930,河曲县,14,09,30
140931,保德县,14,09,31
140932,偏关县,14,09,32
140981,原平市,14,09,81
141002,尧都区,14,10,02
141021,曲沃县,14,10,21
141022,翼城县,14,10,22
141023,襄汾县,14,10,23
141024,洪洞县,14,10,24
141025,古县,14,10,25
141026,安泽县,14,10,26
141027,浮山县,14,10,27
141028,吉县,14,10,28
141029,乡宁县,14,10,29
141030,大宁县,14,10,30
141031,隰县,14,10,31
141032,永和县,14,10,32
141033,蒲县,14,10,33
141034,汾西县,14,10,34
141081,侯马市,14,10,81
141082,霍州市,14,10,82
141102,离石区,14,11,02
141121,文水县,14,11,21
141122,交城县,14,11,22
141123,兴县,14,11,23
141124,临县,14,11,24
141125,柳林县,14,11,25
141126,石楼县,14,11,26
141127,岚县,14,11,27
141128,方山县,14,11,28
141129,中阳县,14,11,29
141130,交口县,14,11,30
141181,孝义市,14,11,81
141182,汾阳市,14,11,82
150102,新城区,15,01,02
150103,回民区,15,01,03
150104,玉泉区,15,01,04
150105,赛罕区,15,01,05
150121,土默特左旗,15,01,21
150122,托克托县,15,01,22
150123,和林格尔县,15,01,23
150124,清水河县,15,01,24
150125,武川县,15,01,25
150202,东河区,15,02,02
150203,昆都仑区,15,02,03
150204,青山区,15,02,04
150205,石拐区,15,02,05
150206,白云鄂博矿区,15,02,06
150207,九原区,15,02,07
150221,土默特右旗,15,02,21
150222,固阳县,15,02,22
150223,达尔罕茂明安联合旗,15,02,23
150302,海勃湾区,15,03,02
150303,海南区,15,03,03
150304,乌达区,15,03,04
150402,红山区,15,04,02
150403,元宝山区,15,04,03
150404,松山区,15,04,04
150421,阿鲁科尔沁旗,15,04,21
150422,巴林左旗,15,04,22
150423,巴林右旗,15,04,23
150424,林西县,15,04,24
150425,克什克腾旗,15,04,25
150426,翁牛特旗,15,04,26
150428,喀喇沁旗,15,04,28
150429,宁城县,15,04,29
150430,敖汉旗,15,04,30
150502,科尔沁区,15,05,02
150521,科尔沁左翼中旗,15,05,21
150522,科尔沁左翼后旗,15,05,22
150523,开鲁县,15,05,23
150524,库伦旗,15,05,24
150525,奈曼旗,15,05,25
150526,扎鲁特旗,15,05,26
150581,霍林郭勒市,15,05,81
150602,东胜区,15,06,02
150603,康巴什区,15,06,03
150621,达拉特旗,15,06,21
150622,准格尔旗,15,06,22
150623,鄂托克前旗,15,06,23
150624,鄂托克旗,15,06,24
150625,杭锦旗,15,06,25
150626,乌审旗,15,06,26
150627,伊金霍洛旗,15,06,27
150702,海拉尔区,15,07,02
150703,扎赉诺尔区,15,07,03
150721,阿荣旗,15,07,21
150722,莫力达瓦达斡尔族自治旗,15,07,22
150723,鄂伦春自治旗,15,07,23
150724,鄂温克族自治旗,15,07,24
150725,陈巴尔虎旗,15,07,25
150726,新巴尔虎左旗,15,07,26
150727,新巴尔虎右旗,15,07,27
150781,满洲里市,15,07,81
150782,牙克石市,15,07,82
150783,扎兰屯市,15,07,83
150784,额尔古纳市,15,07,84
150785,根河市,15,07,85
150802,临河区,15,08,02
150821,五原县,15,08,21
150822,磴口县,15,08,22
150823,乌拉特前旗,15,08,23
150824,乌拉特中旗,15,08,24
150825,乌拉特后旗,15,08,25
150826,杭锦后旗,15,08,26
150902,集宁区,15,09,02
150921,卓资县,15,09,21
150922,化德县,15,09,22
150923,商都县,15,09,23
150924,兴和县,15,09,24
150925,凉城县,15,09,25
150926,察哈尔右翼前旗,15,09,26
150927,察哈尔右翼中旗,15,09,27
150928,察哈尔右翼后旗,15,09,28
150929,四子王旗,15,09,29
150981,丰镇市,15,09,81
152201,乌兰浩特市,15,22,01
152202,阿尔山市,15,22,02
152221,科尔沁右翼前旗,15,22,21
152222,科尔沁右翼中旗,15,22,22
152223,扎赉特旗,15,22,23
152224,突泉县,15,22,24
152501,二连浩特市,15,25,01
152502,锡林浩特市,15,25,02
152522,阿巴嘎旗,15,25,22
152523,苏尼特左旗,15,25,23
152524,苏尼特右旗,15,25,24
152525,东乌珠穆沁旗,15,25,25
152526,西乌珠穆沁旗,15,25,26
152527,太仆寺旗,15,25,27
152528,镶黄旗,15,25,28
152529,正镶白旗,15,25,29
152530,正蓝旗,15,25,30
152531,多伦县,15,25,31
152921,阿拉善左旗,15,29,21
152922,阿拉善右旗,15,29,22
152923,额济纳旗,15,29,23
210102,和平区,21,01,02
210103,沈河区,21,01,03
210104,大东区,21,01,04
210105,皇姑区,21,01,05
210106,铁西区,21,01,06
210111,苏家屯区,21,01,11
210112,浑南区,21,01,12
210113,沈北新区,21,01,13
210114,于洪区,21,01,14
210115,辽中区,21,01,15
210123,康平县,21,01,23
210124,法库县,21,01,24
210181,新民市,21,01,81
210202,中山区,21,02,02
210203,西岗区,21,02,03
210204,沙河口区,21,02,04
210211,甘井子区,21,02,11
210212,旅顺口区,21,02,12
210213,金州区,21,02,13
210214,普兰店区,21,02,14
210224,长海县,21,02,24
210281,瓦房店市,21,02,81
210283,庄河市,21,02,83
210302,铁东区,21,03,02
210303,铁西区,21,03,03
210304,立山区,21,03,04
210311,千山区,21,03,11
210321,台安县,21,03,21
210323,岫岩满族自治县,21,03,23
210381,海城市,21,03,81
210402,新抚区,21,04,02
210403,东洲区,21,04,03
210404,望花区,21,04,04
210411,顺城区,21,04,11
210421,抚顺县,21,04,21
210422,新宾满族自治县,21,04,22
210423,清原满族自治县,21,04,23
210502,平山区,21,05,02
210503,溪湖区,21,05,03
210504,明山区,21,05,04
210505,南芬区,21,05,05
210521,本溪满族自治县,21,05,21
210522,桓仁满族自治县,21,05,22
210602,元宝区,21,06,02
210603,振兴区,21,06,03
210604,振安区,21,06,04
210624,宽甸满族自治县,21,06,24
210681,东港市,21,06,81
210682,凤城市,21,06,82
210702,古塔区,21,07,02
210703,凌河区,21,07,03
210711,太和区,21,07,11
210726,黑山县,21,07,26
210727,义县,21,07,27
210781,凌海市,21,07,81
210782,北镇市,21,07,82
210802,站前区,21,08,02
210803,西市区,21,08,03
210804,鲅鱼圈区,21,08,04
210811,老边区,21,08,11
210881,盖州市,21,08,81
210882,大石桥市,21,08,82
210902,海州区,21,09,02
210903,新邱区,21,09,03
210904,太平区,21,09,04
210905,清河门区,21,09,05
210911,细河区,21,09,11
210921,阜新蒙古族自治县,21,09,21
210922,彰武县,21,09,22
211002,白塔区,21,10,02
211003,文圣区,21,10,03
211004,宏伟区,21,10,04
211005,弓长岭区,21,10,05
211011,太子河区,21,10,11
211021,辽阳县,21,10,21
211081,灯塔市,21,10,81
211102,双台子区,21,11,02
211103,兴隆台区,21,11,03
211104,大洼区,21,11,04
211122,盘山县,21,11,22
211202,银州区,21,12,02
211204,清河区,21,12,04
211221,铁岭县,21,12,21
211223,西丰县,21,12,23
211224,昌图县,21,12,24
211281,调兵山市,21,12,81
211282,开原市,21,12,82
211302,双塔区,21,13,02
211303,龙城区,21,13,03
211321,朝阳县,21,13,21
211322,建平县,21,13,22
211324,喀喇沁左翼蒙古族自治县,21,13,24
211381,北票市,21,13,81
211382,凌源市,21,13,82
211402,连山区,21,14,02
211403,龙港区,21,14,03
211404,南票区,21,14,04
211421,绥中县,21,14,21
211422,建昌县,21,14,22
211481,兴城市,21,14,81
220102,南关区,22,01,02
220103,宽城区,22,01,03
220104,朝阳区,22,01,04
220105,二道区,22,01,05
220106,绿园区,22,01,06
220112,双阳区,22,01,12
220113,九台区,22,01,13
220122,农安县,22,01,22
220182,榆树市,22,01,82
220183,德惠市,22,01,83
220184,公主岭市,22,01,84
220202,昌邑区,22,02,02
220203,龙潭区,22,02,03
220204,船营区,22,02,04
220211,丰满区,22,02,11
220221,永吉县,22,02,21
220281,蛟河市,22,02,81
220282,桦甸市,22,02,82
220283,舒兰市,22,02,83
220284,磐石市,22,02,84
220302,铁西区,22,03,02
220303,铁东区,22,03,03
220322,梨树县,22,03,22
220323,伊通满族自治县,22,03,23
220382,双辽市,22,03,82
220402,龙山区,22,04,02
220403,西安区,22,04,03
220421,东丰县,22,04,21
220422,东辽县,22,04,22
220502,东昌区,22,05,02
220503,二道江区,22,05,03
220521,通化县,22,05,21
220523,辉南县,22,05,23
220524,柳河县,22,05,24
220581,梅河口市,22,05,81
220582,集安市,22,05,82
220602,浑江区,22,06,02
220605,江源区,22,06,05
220621,抚松县,22,06,21
220622,靖宇县,22,06,22
220623,长白朝鲜族自治县,22,06,23
220681,临江市,22,06,81
220702,宁江区,22,07,02
220721,前郭尔罗斯蒙古族自治县,22,07,21
220722,长岭县,22,07,22
220723,乾安县,22,07,23
220781,扶余市,22,07,81
220802,洮北区,22,08,02
220821,镇赉县,22,08,21
220822,通榆县,22,08,22
220881,洮南市,22,08,81
220882,大安市,22,08,82
222401,延吉市,22,24,01
222402,图们市,22,24,02
222403,敦化市,22,24,03
222404,珲春市,22,24,04
222405,龙井市,22,24,05
222406,和龙市,22,24,06
222424,汪清县,22,24,24
222426,安图县,22,24,26
230102,道里区,23,01,02
230103,南岗区,23,01,03
230104,道外区,23,01,04
230108,平房区,23,01,08
230109,松北区,23,01,09
230110,香坊区,23,01,10
230111,呼兰区,23,01,11
230112,阿城区,23,01,12
230113,双城区,23,01,13
230123,依兰县,23,01,23
230124,方正县,23,01,24
230125,宾县,23,01,25
230126,巴彦县,23,01,26
230127,木兰县,23,01,27
230128,通河县,23,01,28
230129,延寿县,23,01,29
230183,尚志市,23,01,83
230184,五常市,23,01,84
230202,龙沙区,23,02,02
230203,建华区,23,02,03
230204,铁锋区,23,02,04
230205,昂昂溪区,23,02,05
230206,富拉尔基区,23,02,06
230207,碾子山区,23,02,07
230208,梅里斯达斡尔族区,23,02,08
230221,龙江县,23,02,21
230223,依安县,23,02,23
230224,泰来县,23,02,24
230225,甘南县,23,02,25
230227,富裕县,23,02,27
230229,克山县,23,02,29
230230,克东县,23,02,30
230231,拜泉县,23,02,31
230281,讷河市,23,02,81
230302,鸡冠区,23,03,02
230303,恒山区,23,03,03
230304,滴道区,23,03,04
230305,梨树区,23,03,05
230306,城子河区,23,03,06
230307,麻山区,23,03,07
230321,鸡东县,23,03,21
230381,虎林市,23,03,81
230382,密山市,23,03,82
230402,向阳区,23,04,02
230403,工农区,23,04,03
230404,南山区,23,04,04
230405,兴安区,23,04,05
230406,东山区,23,04,06
230407,兴山区,23,04,07
230421,萝北县,23,04,21
230422,绥滨县,23,04,22
230502,尖山区,23,05,02
230503,岭东区,23,05,03
230505,四方台区,23,05,05
230506,宝山区,23,05,06
230521,集贤县,23,05,21
230522,友谊县,23,05,22
230523,宝清县,23,05,23
230524,饶河县,23,05,24
230602,萨尔图区,23,06,02
230603,龙凤区,23,06,03
230604,让胡路区,23,06,04
230605,红岗区,23,06,05
230606,大同区,23,06,06
230621,肇州县,23,06,21
230622,肇源县,23,06,22
230623,林甸县,23,06,23
230624,杜尔伯特蒙古族自治县,23,06,24
230717,伊美区,23,07,17
230718,乌翠区,23,07,18
230719,友好区,23,07,19
230722,嘉荫县,23,07,22
230723,汤旺县,23,07,23
230724,丰林县,23,07,24
230725,大箐山县,23,07,25
230726,南岔县,23,07,26
230751,金林区,23,07,51
230781,铁力市,23,07,81
230803,向阳区,23,08,03
230804,前进区,23,08,04
230805,东风区,23,08,05
230811,郊区,23,08,11
230822,桦南县,23,08,22
230826,桦川县,23,08,26
230828,汤原县,23,08,28
230881,同江市,23,08,81
230882,富锦市,23,08,82
230883,抚远市,23,08,83
230902,新兴区,23,09,02
230903,桃山区,23,09,03
230904,茄子河区,23,09,04
230921,勃利县,23,09,21
231002,东安区,23,10,02
231003,阳明区,23,10,03
231004,爱民区,23,10,04
231005,西安区,23,10,05
231025,林口县,23,10,25
231081,绥芬河市,23,10,81
231083,海林市,23,10,83
231084,宁安市,23,10,84
231085,穆棱市,23,10,85
231086,东宁市,23,10,86
231102,爱辉区,23,11,02
231123,逊克县,23,11,23
231124,孙吴县,23,11,24
231181,北安市,23,11,81
231182,五大连池市,23,11,82
231183,嫩江市,23,11,83
231202,北林区,23,12,02
231221,望奎县,23,12,21
231222,兰西县,23,12,22
231223,青冈县,23,12,23
231224,庆安县,23,12,24
231225,明水县,23,12,25
231226,绥棱县,23,12,26
231281,安达市,23,12,81
231282,肇东市,23,12,82
231283,海伦市,23,12,83
232701,漠河市,23,27,01
232721,呼玛县,23,27,21
232722,塔河县,23,27,22
310101,黄浦区,31,01,01
310104,徐汇区,31,01,04
310105,长宁区,31,01,05
310106,静安区,31,01,06
310107,普陀区,31,01,07
310109,虹口区,31,01,09
310110,杨浦区,31,01,10
310112,闵行区,31,01,12
310113,宝山区,31,01,13
310114,嘉定区,31,01,14
310115,浦东新区,31,01,15
310116,金山区,31,01,16
310117,松江区,31,01,17
310118,青浦区,31,01,18
310120,奉贤区,31,01,20
310151,崇明区,31,01,51
320102,玄武区,32,01,02
320104,秦淮区,32,01,04
320105,建邺区,32,01,05
320106,鼓楼区,32,01,06
320111,浦口区,32,01,11
320113,栖霞区,32,01,13
320114,雨花台区,32,01,14
320115,江宁区,32,01,15
320116,六合区,32,01,16
320117,溧水区,32,01,17
320118,高淳区,32,01,18
320205,锡山区,32,02,05
320206,惠山区,32,02,06
320211,滨湖区,32,02,11
320213,梁溪区,32,02,13
320214,新吴区,32,02,14
320281,江阴市,32,02,81
320282,宜兴市,32,02,82
320302,鼓楼区,32,03,02
320303,云龙区,32,03,03
320305,贾汪区,32,03,05
320311,泉山区,32,03,11
320312,铜山区,32,03,12
320321,丰县,32,03,21
320322,沛县,32,03,22
320324,睢宁县,32,03,24
320381,新沂市,32,03,81
320382,邳州市,32,03,82
320402,天宁区,32,04,02
320404,钟楼区,32,04,04
320411,新北区,32,04,11
320412,武进区,32,04,12
320413,金坛区,32,04,13
320481,溧阳市,32,04,81
320505,虎丘区,32,05,05
320506,吴中区,32,05,06
320507,相城区,32,05,07
320508,姑苏区,32,05,08
320509,吴江区,32,05,09
320581,常熟市,32,05,81
320582,张家港市,32,05,82
320583,昆山市,32,05,83
320585,太仓市,32,05,85
320612,通州区,32,06,12
320613,崇川区,32,06,13
320614,海门区,32,06,14
320623,如东县,32,06,23
320681,启东市,32,06,81
320682,如皋市,32,06,82
320685,海安市,32,06,85
320703,连云区,32,07,03
320706,海州区,32,07,06
320707,赣榆区,32,07,07
320722,东海县,32,07,22
320723,灌云县,32,07,23
320724,灌南县,32,07,24
320803,淮安区,32,08,03
320804,淮阴区,32,08,04
320812,清江浦区,32,08,12
320813,洪泽区,32,08,13
320826,涟水县,32,08,26
320830,盱眙县,32,08,30
320831,金湖县,32,08,31
320902,亭湖区,32,09,02
320903,盐都区,32,09,03
320904,大丰区,32,09,04
320921,响水县,32,09,21
320922,滨海县,32,09,22
320923,阜宁县,32,09,23
320924,射阳县,32,09,24
320925,建湖县,32,09,25
320981,东台市,32,09,81
321002,广陵区,32,10,02
321003,邗江区,32,10,03
321012,江都区,32,10,12
321023,宝应县,32,10,23
321081,仪征市,32,10,81
321084,高邮市,32,10,84
321102,京口区,32,11,02
321111,润州区,32,11,11
321112,丹徒区,32,11,12
321181,丹阳市,32,11,81
321182,扬中市,32,11,82
321183,句容市,32,11,83
321202,海陵区,32,12,02
321203,高港区,32,12,03
321204,姜堰区,32,12,04
321281,兴化市,32,12,81
321282,靖江市,32,12,82
321283,泰兴市,32,12,83
321302,宿城区,32,13,02
321311,宿豫区,32,13,11
321322,沭阳县,32,13,22
321323,泗阳县,32,13,23
321324,泗洪县,32,13,24
330102,上城区,33,01,02
330103,下城区,33,01,03
330104,江干区,33,01,04
330105,拱墅区,33,01,05
330106,西湖区,33,01,06
330108,滨江区,33,01,08
330109,萧山区,33,01,09
330110,余杭区,33,01,10
330111,富阳区,33,01,11
330112,临安区,33,01,12
330122,桐庐县,33,01,22
330127,淳安县,33,01,27
330182,建德市,33,01,82
330203,海曙区,33,02,03
330205,江北区,33,02,05
330206,北仑区,33,02,06
330211,镇海区,33,02,11
330212,鄞州区,33,02,12
330213,奉化区,33,02,13
330225,象山县,33,02,25
330226,宁海县,33,02,26
330281,余姚市,33,02,81
330282,慈溪市,33,02,82
330302,鹿城区,33,03,02
330303,龙湾区,33,03,03
330304,瓯海区,33,03,04
330305,洞头区,33,03,05
330324,永嘉县,33,03,24
330326,平阳县,33,03,26
330327,苍南县,33,03,27
330328,文成县,33,03,28
330329,泰顺县,33,03,29
330381,瑞安市,33,03,81
330382,乐清市,33,03,82
330383,龙港市,33,03,83
330402,南湖区,33,04,02
330411,秀洲区,33,04,11
330421,嘉善县,33,04,21
330424,海盐县,33,04,24
330481,海宁市,33,04,81
330482,平湖市,33,04,82
330483,桐乡市,33,04,83
330502,吴兴区,33,05,02
330503,南浔区,33,05,03
330521,德清县,33,05,21
330522,长兴县,33,05,22
330523,安吉县,33,05,23
330602,越城区,33,06,02
330603,柯桥区,33,06,03
330604,上虞区,33,06,04
330624,新昌县,33,06,24
330681,诸暨市,33,06,81
330683,嵊州市,33,06,83
330702,婺城区,33,07,02
330703,金东区,33,07,03
330723,武义县,33,07,23
330726,浦江县,33,07,26
330727,磐安县,33,07,27
330781,兰溪市,33,07,81
330782,义乌市,33,07,82
330783,东阳市,33,07,83
330784,永康市,33,07,84
330802,柯城区,33,08,02
330803,衢江区,33,08,03
330822,常山县,33,08,22
330824,开化县,33,08,24
330825,龙游县,33,08,25
330881,江山市,33,08,81
330902,定海区,33,09,02
330903,普陀区,33,09,03
330921,岱山县,33,09,21
330922,嵊泗县,33,09,22
331002,椒江区,33,10,02
331003,黄岩区,33,10,03
331004,路桥区,33,10,04
331022,三门县,33,10,22
331023,天台县,33,10,23
331024,仙居县,33,10,24
331081,温岭市,33,10,81
331082,临海市,33,10,82
331083,玉环市,33,10,83
331102,莲都区,33,11,02
331121,青田县,33,11,21
331122,缙云县,33,11,22
331123,遂昌县,33,11,23
331124,松阳县,33,11,24
331125,云和县,33,11,25
331126,庆元县,33,11,26
331127,景宁畲族自治县,33,11,27
331181,龙泉市,33,11,81
340102,瑶海区,34,01,02
340103,庐阳区,34,01,03
340104,蜀山区,34,01,04
340111,包河区,34,01,11
340121,长丰县,34,01,21
340122,肥东县,34,01,22
340123,肥西县,34,01,23
340124,庐江县,34,01,24
340181,巢湖市,34,01,81
340202,镜湖区,34,02,02
340207,鸠江区,34,02,07
340209,弋江区,34,02,09
340210,湾沚区,34,02,10
340212,繁昌区,34,02,12
340223,南陵县,34,02,23
340281,无为市,34,02,81
340302,龙子湖区,34,03,02
340303,蚌山区,34,03,03
340304,禹会区,34,03,04
340311,淮上区,34,03,11
340321,怀远县,34,03,21
340322,五河县,34,03,22
340323,固镇县,34,03,23
340402,大通区,34,04,02
340403,田家庵区,34,04,03
340404,谢家集区,34,04,04
340405,八公山区,34,04,05
340406,潘集区,34,04,06
340421,凤台县,34,04,21
340422,寿县,34,04,22
340503,花山区,34,05,03
340504,雨山区,34,05,04
340506,博望区,34,05,06
340521,当涂县,34,05,21
340522,含山县,34,05,22
340523,和县,34,05,23
340602,杜集区,34,06,02
340603,相山区,34,06,03
340604,烈山区,34,06,04
340621,濉溪县,34,06,21
340705,铜官区,34,07,05
340706,义安区,34,07,06
340711,郊区,34,07,11
340722,枞阳县,34,07,22
340802,迎江区,34,08,02
340803,大观区,34,08,03
340811,宜秀区,34,08,11
340822,怀宁县,34,08,22
340825,太湖县,34,08,25
340826,宿松县,34,08,26
340827,望江县,34,08,27
340828,岳西县,34,08,28
340881,桐城市,34,08,81
340882,潜山市,34,08,82
341002,屯溪区,34,10,02
341003,黄山区,34,10,03
341004,徽州区,34,10,04
341021,歙县,34,10,21
341022,休宁县,34,10,22
341023,黟县,34,10,23
341024,祁门县,34,10,24
341102,琅琊区,34,11,02
341103,南谯区,34,11,03
341122,来安县,34,11,22
341124,全椒县,34,11,24
341125,定远县,34,11,25
341126,凤阳县,34,11,26
341181,天长市,34,11,81
341182,明光市,34,11,82
341202,颍州区,34,12,02
341203,颍东区,34,12,03
341204,颍泉区,34,12,04
341221,临泉县,34,12,21
341222,太和县,34,12,22
341225,阜南县,34,12,25
341226,颍上县,34,12,26
341282,界首市,34,12,82
341302,埇桥区,34,13,02
341321,砀山县,34,13,21
341322,萧县,34,13,22
341323,灵璧县,34,13,23
341324,泗县,34,13,24
341502,金安区,34,15,02
341503,裕安区,34,15,03
341504,叶集区,34,15,04
341522,霍邱县,34,15,22
341523,舒城县,34,15,23
341524,金寨县,34,15,24
341525,霍山县,34,15,25
341602,谯城区,34,16,02
341621,涡阳县,34,16,21
341622,蒙城县,34,16,22
341623,利辛县,34,16,23
341702,贵池区,34,17,02
341721,东至县,34,17,21
341722,石台县,34,17,22
341723,青阳县,34,17,23
341802,宣州区,34,18,02
341821,郎溪县,34,18,21
341823,泾县,34,18,23
341824,绩溪县,34,18,24
341825,旌德县,34,18,25
341881,宁国市,34,18,81
341882,广德市,34,18,82
350102,鼓楼区,35,01,02
350103,台江区,35,01,03
350104,仓山区,35,01,04
350105,马尾区,35,01,05
350111,晋安区,35,01,11
350112,长乐区,35,01,12
350121,闽侯县,35,01,21
350122,连江县,35,01,22
350123,罗源县,35,01,23
350124,闽清县,35,01,24
350125,永泰县,35,01,25
350128,平潭县,35,01,28
350181,福清市,35,01,81
350203,思明区,35,02,03
350205,海沧区,35,02,05
350206,湖里区,35,02,06
350211,集美区,35,02,11
350212,同安区,35,02,12
350213,翔安区,35,02,13
350302,城厢区,35,03,02
350303,涵江区,35,03,03
350304,荔城区,35,03,04
350305,秀屿区,35,03,05
350322,仙游县,35,03,22
350402,梅列区,35,04,02
350403,三元区,35,04,03
350421,明溪县,35,04,21
350423,清流县,35,04,23
350424,宁化县,35,04,24
350425,大田县,35,04,25
350426,尤溪县,35,04,26
350427,沙县,35,04,27
350428,将乐县,35,04,28
350429,泰宁县,35,04,29
350430,建宁县,35,04,30
350481,永安市,35,04,81
350502,鲤城区,35,05,02
350503,丰泽区,35,05,03
350504,洛江区,35,05,04
350505,泉港区,35,05,05
350521,惠安县,35,05,21
350524,安溪县,35,05,24
350525,永春县,35,05,25
350526,德化县,35,05,26
350527,金门县,35,05,27
350581,石狮市,35,05,81
350582,晋江市,35,05,82
350583,南安市,35,05,83
350602,芗城区,35,06,02
350603,龙文区,35,06,03
350622,云霄县,35,06,22
350623,漳浦县,35,06,23
350624,诏安县,35,06,24
350625,长泰县,35,06,25
350626,东山县,35,06,26
350627,南靖县,35,06,27
350628,平和县,35,06,28
350629,华安县,35,06,29
350681,龙海市,35,06,81
350702,延平区,35,07,02
350703,建阳区,35,07,03
350721,顺昌县,35,07,21
350722,浦城县,35,07,22
350723,光泽县,35,07,23
350724,松溪县,35,07,24
350725,政和县,35,07,25
350781,邵武市,35,07,81
350782,武夷山市,35,07,82
350783,建瓯市,35,07,83
350802,新罗区,35,08,02
350803,永定区,35,08,03
350821,长汀县,35,08,21
350823,上杭县,35,08,23
350824,武平县,35,08,24
350825,连城县,35,08,25
350881,漳平市,35,08,81
350902,蕉城区,35,09,02
350921,霞浦县,35,09,21
350922,古田县,35,09,22
350923,屏南县,35,09,23
350924,寿宁县,35,09,24
350925,周宁县,35,09,25
350926,柘荣县,35,09,26
350981,福安市,35,09,81
350982,福鼎市,35,09,82
360102,东湖区,36,01,02
360103,西湖区,36,01,03
360104,青云谱区,36,01,04
360111,青山湖区,36,01,11
360112,新建区,36,01,12
360113,红谷滩区,36,01,13
360121,南昌县,36,01,21
360123,安义县,36,01,23
360124,进贤县,36,01,24
360202,昌江区,36,02,02
360203,珠山区,36,02,03
360222,浮梁县,36,02,22
360281,乐平市,36,02,81
360302,安源区,36,03,02
360313,湘东区,36,03,13
360321,莲花县,36,03,21
360322,上栗县,36,03,22
360323,芦溪县,36,03,23
360402,濂溪区,36,04,02
360403,浔阳区,36,04,03
360404,柴桑区,36,04,04
360423,武宁县,36,04,23
360424,修水县,36,04,24
360425,永修县,36,04,25
360426,德安县,36,04,26
360428,都昌县,36,04,28
360429,湖口县,36,04,29
360430,彭泽县,36,04,30
360481,瑞昌市,36,04,81
360482,共青城市,36,04,82
360483,庐山市,36,04,83
360502,渝水区,36,05,02
360521,分宜县,36,05,21
360602,月湖区,36,06,02
360603,余江区,36,06,03
360681,贵溪市,36,06,81
360702,章贡区,36,07,02
360703,南康区,36,07,03
360704,赣县区,36,07,04
360722,信丰县,36,07,22
360723,大余县,36,07,23
360724,上犹县,36,07,24
360725,崇义县,36,07,25
360726,安远县,36,07,26
360728,定南县,36,07,28
360729,全南县,36,07,29
360730,宁都县,36,07,30
360731,于都县,36,07,31
360732,兴国县,36,07,32
360733,会昌县,36,07,33
360734,寻乌县,36,07,34
360735,石城县,36,07,35
360781,瑞金市,36,07,81
360783,龙南市,36,07,83
360802,吉州区,36,08,02
360803,青原区,36,08,03
360821,吉安县,36,08,21
360822,吉水县,36,08,22
360823,峡江县,36,08,23
360824,新干县,36,08,24
360825,永丰县,36,08,25
360826,泰和县,36,08,26
360827,遂川县,36,08,27
360828,万安县,36,08,28
360829,安福县,36,08,29
360830,永新县,36,08,30
360881,井冈山市,36,08,81
360902,袁州区,36,09,02
360921,奉新县,36,09,21
360922,万载县,36,09,22
360923,上高县,36,09,23
360924,宜丰县,36,09,24
360925,靖安县,36,09,25
360926,铜鼓县,36,09,26
360981,丰城市,36,09,81
360982,樟树市,36,09,82
360983,高安市,36,09,83
361002,临川区,36,10,02
361003,东乡区,36,10,03
361021,南城县,36,10,21
361022,黎川县,36,10,22
361023,南丰县,36,10,23
361024,崇仁县,36,10,24
361025,乐安县,36,10,25
361026,宜黄县,36,10,26
361027,金溪县,36,10,27
361028,资溪县,36,10,28
361030,广昌县,36,10,30
361102,信州区,36,11,02
361103,广丰区,36,11,03
361104,广信区,36,11,04
361123,玉山县,36,11,23
361124,铅山县,36,11,24
361125,横峰县,36,11,25
361126,弋阳县,36,11,26
361127,余干县,36,11,27
361128,鄱阳县,36,11,28
361129,万年县,36,11,29
361130,婺源县,36,11,30
361181,德兴市,36,11,81
370102,历下区,37,01,02
370103,市中区,37,01,03
370104,槐荫区,37,01,04
370105,天桥区,37,01,05
370112,历城区,37,01,12
370113,长清区,37,01,13
370114,章丘区,37,01,14
370115,济阳区,37,01,15
370116,莱芜区,37,01,16
370117,钢城区,37,01,17
370124,平阴县,37,01,24
370126,商河县,37,01,26
370202,市南区,37,02,02
370203,市北区,37,02,03
370211,黄岛区,37,02,11
370212,崂山区,37,02,12
370213,李沧区,37,02,13
370214,城阳区,37,02,14
370215,即墨区,37,02,15
370281,胶州市,37,02,81
370283,平度市,37,02,83
370285,莱西市,37,02,85
370302,淄川区,37,03,02
370303,张店区,37,03,03
370304,博山区,37,03,04
370305,临淄区,37,03,05
370306,周村区,37,03,06
370321,桓台县,37,03,21
370322,高青县,37,03,22
370323,沂源县,37,03,23
370402,市中区,37,04,02
370403,薛城区,37,04,03
370404,峄城区,37,04,04
370405,台儿庄区,37,04,05
370406,山亭区,37,04,06
370481,滕州市,37,04,81
370502,东营区,37,05,02
370503,河口区,37,05,03
370505,垦利区,37,05,05
370522,利津县,37,05,22
370523,广饶县,37,05,23
370602,芝罘区,37,06,02
370611,福山区,37,06,11
370612,牟平区,37,06,12
370613,莱山区,37,06,13
370614,蓬莱区,37,06,14
370681,龙口市,37,06,81
370682,莱阳市,37,06,82
370683,莱州市,37,06,83
370685,招远市,37,06,85
370686,栖霞市,37,06,86
370687,海阳市,37,06,87
370702,潍城区,37,07,02
370703,寒亭区,37,07,03
370704,坊子区,37,07,04
370705,奎文区,37,07,05
370724,临朐县,37,07,24
370725,昌乐县,37,07,25
370781,青州市,37,07,81
370782,诸城市,37,07,82
370783,寿光市,37,07,83
370784,安丘市,37,07,84
370785,高密市,37,07,85
370786,昌邑市,37,07,86
370811,任城区,37,08,11
370812,兖州区,37,08,12
370826,微山县,37,08,26
370827,鱼台县,37,08,27
370828,金乡县,37,08,28
370829,嘉祥县,37,08,29
370830,汶上县,37,08,30
370831,泗水县,37,08,31
370832,梁山县,37,08,32
370881,曲阜市,37,08,81
370883,邹城市,37,08,83
370902,泰山区,37,09,02
370911,岱岳区,37,09,11
370921,宁阳县,37,09,21
370923,东平县,37,09,23
370982,新泰市,37,09,82
370983,肥城市,37,09,83
371002,环翠区,37,10,02
371003,文登区,37,10,03
371082,荣成市,37,10,82
371083,乳山市,37,10,83
371102,东港区,37,11,02
371103,岚山区,37,11,03
371121,五莲县,37,11,21
371122,莒县,37,11,22
371302,兰山区,37,13,02
371311,罗庄区,37,13,11
371312,河东区,37,13,12
371321,沂南县,37,13,21
371322,郯城县,37,13,22
371323,沂水县,37,13,23
371324,兰陵县,37,13,24
371325,费县,37,13,25
371326,平邑县,37,13,26
371327,莒南县,37,13,27
371328,蒙阴县,37,13,28
371329,临沭县,37,13,29
371402,德城区,37,14,02
371403,陵城区,37,14,03
371422,宁津县,37,14,22
371423,庆云县,37,14,23
371424,临邑县,37,14,24
371425,齐河县,37,14,25
371426,平原县,37,14,26
371427,夏津县,37,14,27
371428,武城县,37,14,28
371481,乐陵市,37,14,81
371482,禹城市,37,14,82
371502,东昌府区,37,15,02
371503,茌平区,37,15,03
371521,阳谷县,37,15,21
371522,莘县,37,15,22
371524,东阿县,37,15,24
371525,冠县,37,15,25
371526,高唐县,37,15,26
371581,临清市,37,15,81
371602,滨城区,37,16,02
371603,沾化区,37,16,03
371621,惠民县,37,16,21
371622,阳信县,37,16,22
371623,无棣县,37,16,23
371625,博兴县,37,16,25
371681,邹平市,37,16,81
371702,牡丹区,37,17,02
371703,定陶区,37,17,03
371721,曹县,37,17,21
371722,单县,37,17,22
371723,成武县,37,17,23
371724,巨野县,37,17,24
371725,郓城县,37,17,25
371726,鄄城县,37,17,26
371728,东明县,37,17,28
410102,中原区,41,01,02
410103,二七区,41,01,03
410104,管城回族区,41,01,04
410105,金水区,41,01,05
410106,上街区,41,01,06
410108,惠济区,41,01,08
410122,中牟县,41,01,22
410181,巩义市,41,01,81
410182,荥阳市,41,01,82
410183,新密市,41,01,83
410184,新郑市,41,01,84
410185,登封市,41,01,85
410202,龙亭区,41,02,02
410203,顺河回族区,41,02,03
410204,鼓楼区,41,02,04
410205,禹王台区,41,02,05
410212,祥符区,41,02,12
410221,杞县,41,02,21
410222,通许县,41,02,22
410223,尉氏县,41,02,23
410225,兰考县,41,02,25
410302,老城区,41,03,02
410303,西工区,41,03,03
410304,瀍河回族区,41,03,04
410305,涧西区,41,03,05
410306,吉利区,41,03,06
410311,洛龙区,41,03,11
410322,孟津县,41,03,22
410323,新安县,41,03,23
410324,栾川县,41,03,24
410325,嵩县,41,03,25
410326,汝阳县,41,03,26
410327,宜阳县,41,03,27
410328,洛宁县,41,03,28
410329,伊川县,41,03,29
410381,偃师市,41,03,81
410402,新华区,41,04,02
410403,卫东区,41,04,03
410404,石龙区,41,04,04
410411,湛河区,41,04,11
410421,宝丰县,41,04,21
410422,叶县,41,04,22
410423,鲁山县,41,04,23
410425,郏县,41,04,25
410481,舞钢市,41,04,81
410482,汝州市,41,04,82
410502,文峰区,41,05,02
410503,北关区,41,05,03
410505,殷都区,41,05,05
410506,龙安区,41,05,06
410522,安阳县,41,05,22
410523,汤阴县,41,05,23
410526,滑县,41,05,26
410527,内黄县,41,05,27
410581,林州市,41,05,81
410602,鹤山区,41,06,02
410603,山城区,41,06,03
410611,淇滨区,41,06,11
410621,浚县,41,06,21
410622,淇县,41,06,22
410702,红旗区,41,07,02
410703,卫滨区,41,07,03
410704,凤泉区,41,07,04
410711,牧野区,41,07,11
410721,新乡县,41,07,21
410724,获嘉县,41,07,24
410725,原阳县,41,07,25
410726,延津县,41,07,26
410727,封丘县,41,07,27
410781,卫辉市,41,07,81
410782,辉县市,41,07,82
410783,长垣市,41,07,83
410802,解放区,41,08,02
410803,中站区,41,08,03
410804,马村区,41,08,04
410811,山阳区,41,08,11
410821,修武县,41,08,21
410822,博爱县,41,08,22
410823,武陟县,41,08,23
410825,温县,41,08,25
410882,沁阳市,41,08,82
410883,孟州市,41,08,83
410902,华龙区,41,09,02
410922,清丰县,41,09,22
410923,南乐县,41,09,23
410926,范县,41,09,26
410927,台前县,41,09,27
410928,濮阳县,41,09,28
411002,魏都区,41,10,02
411003,建安区,41,10,03
411024,鄢陵县,41,10,24
411025,襄城县,41,10,25
411081,禹州市,41,10,81
411082,长葛市,41,10,82
411102,源汇区,41,11,02
411103,郾城区,41,11,03
411104,召陵区,41,11,04
411121,舞阳县,41,11,21
411122,临颍县,41,11,22
411202,湖滨区,41,12,02
411203,陕州区,41,12,03
411221,渑池县,41,12,21
411224,卢氏县,41,12,24
411281,义马市,41,12,81
411282,灵宝市,41,12,82
411302,宛城区,41,13,02
411303,卧龙区,41,13,03
411321,南召县,41,13,21
411322,方城县,41,13,22
411323,西峡县,41,13,23
411324,镇平县,41,13,24
411325,内乡县,41,13,25
411326,淅川县,41,13,26
411327,社旗县,41,13,27
411328,唐河县,41,13,28
411329,新野县,41,13,29
411330,桐柏县,41,13,30
411381,邓州市,41,13,81
411402,梁园区,41,14,02
411403,睢阳区,41,14,03
411421,民权县,41,14,21
411422,睢县,41,14,22
411423,宁陵县,41,14,23
411424,柘城县,41,14,24
411425,虞城县,41,14,25
411426,夏邑县,41,14,26
411481,永城市,41,14,81
411502,浉河区,41,15,02
411503,平桥区,41,15,03
411521,罗山县,41,15,21
411522,光山县,41,15,22
411523,新县,41,15,23
411524,商城县,41,15,24
411525,固始县,41,15,25
411526,潢川县,41,15,26
411527,淮滨县,41,15,27
411528,息县,41,15,28
411602,川汇区,41,16,02
411603,淮阳区,41,16,03
411621,扶沟县,41,16,21
411622,西华县,41,16,22
411623,商水县,41,16,23
411624,沈丘县,41,16,24
411625,郸城县,41,16,25
411627,太康县,41,16,27
411628,鹿邑县,41,16,28
411681,项城市,41,16,81
411702,驿城区,41,17,02
411721,西平县,41,17,21
411722,上蔡县,41,17,22
411723,平舆县,41,17,23
411724,正阳县,41,17,24
411725,确山县,41,17,25
411726,泌阳县,41,17,26
411727,汝南县,41,17,27
411728,遂平县,41,17,28
411729,新蔡县,41,17,29
419001,济源市,41,90,01
420102,江岸区,42,01,02
420103,江汉区,42,01,03
420104,硚口区,42,01,04
420105,汉阳区,42,01,05
420106,武昌区,42,01,06
420107,青山区,42,01,07
420111,洪山区,42,01,11
420112,东西湖区,42,01,12
420113,汉南区,42,01,13
420114,蔡甸区,42,01,14
420115,江夏区,42,01,15
420116,黄陂区,42,01,16
420117,新洲区,42,01,17
420202,黄石港区,42,02,02
420203,西塞山区,42,02,03
420204,下陆区,42,02,04
420205,铁山区,42,02,05
420222,阳新县,42,02,22
420281,大冶市,42,02,81
420302,茅箭区,42,03,02
420303,张湾区,42,03,03
420304,郧阳区,42,03,04
420322,郧西县,42,03,22
420323,竹山县,42,03,23
420324,竹溪县,42,03,24
420325,房县,42,03,25
420381,丹江口市,42,03,81
420502,西陵区,42,05,02
420503,伍家岗区,42,05,03
420504,点军区,42,05,04
420505,猇亭区,42,05,05
420506,夷陵区,42,05,06
420525,远安县,42,05,25
420526,兴山县,42,05,26
420527,秭归县,42,05,27
420528,长阳土家族自治县,42,05,28
420529,五峰土家族自治县,42,05,29
420581,宜都市,42,05,81
420582,当阳市,42,05,82
420583,枝江市,42,05,83
420602,襄城区,42,06,02
420606,樊城区,42,06,06
420607,襄州区,42,06,07
420624,南漳县,42,06,24
420625,谷城县,42,06,25
420626,保康县,42,06,26
420682,老河口市,42,06,82
420683,枣阳市,42,06,83
420684,宜城市,42,06,84
420702,梁子湖区,42,07,02
420703,华容区,42,07,03
420704,鄂城区,42,07,04
420802,东宝区,42,08,02
420804,掇刀区,42,08,04
420822,沙洋县,42,08,22
420881,钟祥市,42,08,81
420882,京山市,42,08,82
420902,孝南区,42,09,02
420921,孝昌县,42,09,21
420922,大悟县,42,09,22
420923,云梦县,42,09,23
420981,应城市,42,09,81
420982,安陆市,42,09,82
420984,汉川市,42,09,84
421002,沙市区,42,10,02
421003,荆州区,42,10,03
421022,公安县,42,10,22
421024,江陵县,42,10,24
421081,石首市,42,10,81
421083,洪湖市,42,10,83
421087,松滋市,42,10,87
421088,监利市,42,10,88
421102,黄州区,42,11,02
421121,团风县,42,11,21
421122,红安县,42,11,22
421123,罗田县,42,11,23
421124,英山县,42,11,24
421125,浠水县,42,11,25
421126,蕲春县,42,11,26
421127,黄梅县,42,11,27
421181,麻城市,42,11,81
421182,武穴市,42,11,82
421202,咸安区,42,12,02
421221,嘉鱼县,42,12,21
421222,通城县,42,12,22
421223,崇阳县,42,12,23
421224,通山县,42,12,24
421281,赤壁市,42,12,81
421303,曾都区,42,13,03
421321,随县,42,13,21
421381,广水市,42,13,81
422801,恩施市,42,28,01
422802,利川市,42,28,02
422822,建始县,42,28,22
422823,巴东县,42,28,23
422825,宣恩县,42,28,25
422826,咸丰县,42,28,26
422827,来凤县,42,28,27
422828,鹤峰县,42,28,28
429004,仙桃市,42,90,04
429005,潜江市,42,90,05
429006,天门市,42,90,06
429021,神农架林区,42,90,21
430102,芙蓉区,43,01,02
430103,天心区,43,01,03
430104,岳麓区,43,01,04
430105,开福区,43,01,05
430111,雨花区,43,01,11
430112,望城区,43,01,12
430121,长沙县,43,01,21
430181,浏阳市,43,01,81
430182,宁乡市,43,01,82
430202,荷塘区,43,02,02
430203,芦淞区,43,02,03
430204,石峰区,43,02,04
430211,天元区,43,02,11
430212,渌口区,43,02,12
430223,攸县,43,02,23
430224,茶陵县,43,02,24
430225,炎陵县,43,02,25
430281,醴陵市,43,02,81
430302,雨湖区,43,03,02
430304,岳塘区,43,03,04
430321,湘潭县,43,03,21
430381,湘乡市,43,03,81
430382,韶山市,43,03,82
430405,珠晖区,43,04,05
430406,雁峰区,43,04,06
430407,石鼓区,43,04,07
430408,蒸湘区,43,04,08
430412,南岳区,43,04,12
430421,衡阳县,43,04,21
430422,衡南县,43,04,22
430423,衡山县,43,04,23
430424,衡东县,43,04,24
430426,祁东县,43,04,26
430481,耒阳市,43,04,81
430482,常宁市,43,04,82
430502,双清区,43,05,02
430503,大祥区,43,05,03
430511,北塔区,43,05,11
430522,新邵县,43,05,22
430523,邵阳县,43,05,23
430524,隆回县,43,05,24
430525,洞口县,43,05,25
430527,绥宁县,43,05,27
430528,新宁县,43,05,28
430529,城步苗族自治县,43,05,29
430581,武冈市,43,05,81
430582,邵东市,43,05,82
430602,岳阳楼区,43,06,02
430603,云溪区,43,06,03
430611,君山区,43,06,11
430621,岳阳县,43,06,21
430623,华容县,43,06,23
430624,湘阴县,43,06,24
430626,平江县,43,06,26
430681,汨罗市,43,06,81
430682,临湘市,43,06,82
430702,武陵区,43,07,02
430703,鼎城区,43,07,03
430721,安乡县,43,07,21
430722,汉寿县,43,07,22
430723,澧县,43,07,23
430724,临澧县,43,07,24
430725,桃源县,43,07,25
430726,石门县,43,07,26
430781,津市市,43,07,81
430802,永定区,43,08,02
430811,武陵源区,43,08,11
430821,慈利县,43,08,21
430822,桑植县,43,08,22
430902,资阳区,43,09,02
430903,赫山区,43,09,03
430921,南县,43,09,21
430922,桃江县,43,09,22
430923,安化县,43,09,23
430981,沅江市,43,09,81
431002,北湖区,43,10,02
431003,苏仙区,43,10,03
431021,桂阳县,43,10,21
431022,宜章县,43,10,22
431023,永兴县,43,10,23
431024,嘉禾县,43,10,24
431025,临武县,43,10,25
431026,汝城县,43,10,26
431027,桂东县,43,10,27
431028,安仁县,43,10,28
431081,资兴市,43,10,81
431102,零陵区,43,11,02
431103,冷水滩区,43,11,03
431121,祁阳县,43,11,21
431122,东安县,43,11,22
431123,双牌县,43,11,23
431124,道县,43,11,24
431125,江永县,43,11,25
431126,宁远县,43,11,26
431127,蓝山县,43,11,27
431128,新田县,43,11,28
431129,江华瑶族自治县,43,11,29
431202,鹤城区,43,12,02
431221,中方县,43,12,21
431222,沅陵县,43,12,22
431223,辰溪县,43,12,23
431224,溆浦县,43,12,24
431225,会同县,43,12,25
431226,麻阳苗族自治县,43,12,26
431227,新晃侗族自治县,43,12,27
431228,芷江侗族自治县,43,12,28
431229,靖州苗族侗族自治县,43,12,29
431230,通道侗族自治县,43,12,30
431281,洪江市,43,12,81
431302,娄星区,43,13,02
431321,双峰县,43,13,21
431322,新化县,43,13,22
431381,冷水江市,43,13,81
431382,涟源市,43,13,82
433101,吉首市,43,31,01
433122,泸溪县,43,31,22
433123,凤凰县,43,31,23
433124,花垣县,43,31,24
433125,保靖县,43,31,25
433126,古丈县,43,31,26
433127,永顺县,43,31,27
433130,龙山县,43,31,30
440103,荔湾区,44,01,03
440104,越秀区,44,01,04
440105,海珠区,44,01,05
440106,天河区,44,01,06
440111,白云区,44,01,11
440112,黄埔区,44,01,12
440113,番禺区,44,01,13
440114,花都区,44,01,14
440115,南沙区,44,01,15
440117,从化区,44,01,17
440118,增城区,44,01,18
440203,武江区,44,02,03
440204,浈江区,44,02,04
440205,曲江区,44,02,05
440222,始兴县,44,02,22
440224,仁化县,44,02,24
440229,翁源县,44,02,29
440232,乳源瑶族自治县,44,02,32
440233,新丰县,44,02,33
440281,乐昌市,44,02,81
440282,南雄市,44,02,82
440303,罗湖区,44,03,03
440304,福田区,44,03,04
440305,南山区,44,03,05
440306,宝安区,44,03,06
440307,龙岗区,44,03,07
440308,盐田区,44,03,08
440309,龙华区,44,03,09
440310,坪山区,44,03,10
440311,光明区,44,03,11
440402,香洲区,44,04,02
440403,斗门区,44,04,03
440404,金湾区,44,04,04
440507,龙湖区,44,05,07
440511,金平区,44,05,11
440512,濠江区,44,05,12
440513,潮阳区,44,05,13
440514,潮南区,44,05,14
440515,澄海区,44,05,15
440523,南澳县,44,05,23
440604,禅城区,44,06,04
440605,南海区,44,06,05
440606,顺德区,44,06,06
440607,三水区,44,06,07
440608,高明区,44,06,08
440703,蓬江区,44,07,03
440704,江海区,44,07,04
440705,新会区,44,07,05
440781,台山市,44,07,81
440783,开平市,44,07,83
440784,鹤山市,44,07,84
440785,恩平市,44,07,85
440802,赤坎区,44,08,02
440803,霞山区,44,08,03
440804,坡头区,44,08,04
440811,麻章区,44,08,11
440823,遂溪县,44,08,23
440825,徐闻县,44,08,25
440881,廉江市,44,08,81
440882,雷州市,44,08,82
440883,吴川市,44,08,83
440902,茂南区,44,09,02
440904,电白区,44,09,04
440981,高州市,44,09,81
440982,化州市,44,09,82
440983,信宜市,44,09,83
441202,端州区,44,12,02
441203,鼎湖区,44,12,03
441204,高要区,44,12,04
441223,广宁县,44,12,23
441224,怀集县,44,12,24
441225,封开县,44,12,25
441226,德庆县,44,12,26
441284,四会市,44,12,84
441302,惠城区,44,13,02
441303,惠阳区,44,13,03
441322,博罗县,44,13,22
441323,惠东县,44,13,23
441324,龙门县,44,13,24
441402,梅江区,44,14,02
441403,梅县区,44,14,03
441422,大埔县,44,14,22
441423,丰顺县,44,14,23
441424,五华县,44,14,24
441426,平远县,44,14,26
441427,蕉岭县,44,14,27
441481,兴宁市,44,14,81
441502,城区,44,15,02
441521,海丰县,44,15,21
441523,陆河县,44,15,23
441581,陆丰市,44,15,81
441602,源城区,44,16,02
441621,紫金县,44,16,21
441622,龙川县,44,16,22
441623,连平县,44,16,23
441624,和平县,44,16,24
441625,东源县,44,16,25
441702,江城区,44,17,02
441704,阳东区,44,17,04
441721,阳西县,44,17,21
441781,阳春市,44,17,81
441802,清城区,44,18,02
441803,清新区,44,18,03
441821,佛冈县,44,18,21
441823,阳山县,44,18,23
441825,连山壮族瑶族自治县,44,18,25
441826,连南瑶族自治县,44,18,26
441881,英德市,44,18,81
441882,连州市,44,18,82
445102,湘桥区,44,51,02
445103,潮安区,44,51,03
445122,饶平县,44,51,22
445202,榕城区,44,52,02
445203,揭东区,44,52,03
445222,揭西县,44,52,22
445224,惠来县,44,52,24
445281,普宁市,44,52,81
445302,云城区,44,53,02
445303,云安区,44,53,03
445321,新兴县,44,53,21
445322,郁南县,44,53,22
445381,罗定市,44,53,81
450102,兴宁区,45,01,02
450103,青秀区,45,01,03
450105,江南区,45,01,05
450107,西乡塘区,45,01,07
450108,良庆区,45,01,08
450109,邕宁区,45,01,09
450110,武鸣区,45,01,10
450123,隆安县,45,01,23
450124,马山县,45,01,24
450125,上林县,45,01,25
450126,宾阳县,45,01,26
450127,横县,45,01,27
450202,城中区,45,02,02
450203,鱼峰区,45,02,03
450204,柳南区,45,02,04
450205,柳北区,45,02,05
450206,柳江区,45,02,06
450222,柳城县,45,02,22
450223,鹿寨县,45,02,23
450224,融安县,45,02,24
450225,融水苗族自治县,45,02,25
450226,三江侗族自治县,45,02,26
450302,秀峰区,45,03,02
450303,叠彩区,45,03,03
450304,象山区,45,03,04
450305,七星区,45,03,05
450311,雁山区,45,03,11
450312,临桂区,45,03,12
450321,阳朔县,45,03,21
450323,灵川县,45,03,23
450324,全州县,45,03,24
450325,兴安县,45,03,25
450326,永福县,45,03,26
450327,灌阳县,45,03,27
450328,龙胜各族自治县,45,03,28
450329,资源县,45,03,29
450330,平乐县,45,03,30
450332,恭城瑶族自治县,45,03,32
450381,荔浦市,45,03,81
450403,万秀区,45,04,03
450405,长洲区,45,04,05
450406,龙圩区,45,04,06
450421,苍梧县,45,04,21
450422,藤县,45,04,22
450423,蒙山县,45,04,23
450481,岑溪市,45,04,81
450502,海城区,45,05,02
450503,银海区,45,05,03
450512,铁山港区,45,05,12
450521,合浦县,45,05,21
450602,港口区,45,06,02
450603,防城区,45,06,03
450621,上思县,45,06,21
450681,东兴市,45,06,81
450702,钦南区,45,07,02
450703,钦北区,45,07,03
450721,灵山县,45,07,21
450722,浦北县,45,07,22
450802,港北区,45,08,02
450803,港南区,45,08,03
450804,覃塘区,45,08,04
450821,平南县,45,08,21
450881,桂平市,45,08,81
450902,玉州区,45,09,02
450903,福绵区,45,09,03
450921,容县,45,09,21
450922,陆川县,45,09,22
450923,博白县,45,09,23
450924,兴业县,45,09,24
450981,北流市,45,09,81
451002,右江区,45,10,02
451003,田阳区,45,10,03
451022,田东县,45,10,22
451024,德保县,45,10,24
451026,那坡县,45,10,26
451027,凌云县,45,10,27
451028,乐业县,45,10,28
451029,田林县,45,10,29
451030,西林县,45,10,30
451031,隆林各族自治县,45,10,31
451081,靖西市,45,10,81
451082,平果市,45,10,82
451102,八步区,45,11,02
451103,平桂区,45,11,03
451121,昭平县,45,11,21
451122,钟山县,45,11,22
451123,富川瑶族自治县,45,11,23
451202,金城江区,45,12,02
451203,宜州区,45,12,03
451221,南丹县,45,12,21
451222,天峨县,45,12,22
451223,凤山县,45,12,23
451224,东兰县,45,12,24
451225,罗城仫佬族自治县,45,12,25
451226,环江毛南族自治县,45,12,26
451227,巴马瑶族自治县,45,12,27
451228,都安瑶族自治县,45,12,28
451229,大化瑶族自治县,45,12,29
451302,兴宾区,45,13,02
451321,忻城县,45,13,21
451322,象州县,45,13,22
451323,武宣县,45,13,23
451324,金秀瑶族自治县,45,13,24
451381,合山市,45,13,81
451402,江州区,45,14,02
451421,扶绥县,45,14,21
451422,宁明县,45,14,22
451423,龙州县,45,14,23
451424,大新县,45,14,24
451425,天等县,45,14,25
451481,凭祥市,45,14,81
460105,秀英区,46,01,05
460106,龙华区,46,01,06
460107,琼山区,46,01,07
460108,美兰区,46,01,08
460202,海棠区,46,02,02
460203,吉阳区,46,02,03
460204,天涯区,46,02,04
460205,崖州区,46,02,05
469001,五指山市,46,90,01
469002,琼海市,46,90,02
469005,文昌市,46,90,05
469006,万宁市,46,90,06
469007,东方市,46,90,07
469021,定安县,46,90,21
469022,屯昌县,46,90,22
469023,澄迈县,46,90,23
469024,临高县,46,90,24
469025,白沙黎族自治县,46,90,25
469026,昌江黎族自治县,46,90,26
469027,乐东黎族自治县,46,90,27
469028,陵水黎族自治县,46,90,28
469029,保亭黎族苗族自治县,46,90,29
469030,琼中黎族苗族自治县,46,90,30
500101,万州区,50,01,01
500102,涪陵区,50,01,02
500103,渝中区,50,01,03
500104,大渡口区,50,01,04
500105,江北区,50,01,05
500106,沙坪坝区,50,01,06
500107,九龙坡区,50,01,07
500108,南岸区,50,01,08
500109,北碚区,50,01,09
500110,綦江区,50,01,10
500111,大足区,50,01,11
500112,渝北区,50,01,12
500113,巴南区,50,01,13
500114,黔江区,50,01,14
500115,长寿区,50,01,15
500116,江津区,50,01,16
500117,合川区,50,01,17
500118,永川区,50,01,18
500119,南川区,50,01,19
500120,璧山区,50,01,20
500151,铜梁区,50,01,51
500152,潼南区,50,01,52
500153,荣昌区,50,01,53
500154,开州区,50,01,54
500155,梁平区,50,01,55
500156,武隆区,50,01,56
500229,城口县,50,02,29
500230,丰都县,50,02,30
500231,垫江县,50,02,31
500233,忠县,50,02,33
500235,云阳县,50,02,35
500236,奉节县,50,02,36
500237,巫山县,50,02,37
500238,巫溪县,50,02,38
500240,石柱土家族自治县,50,02,40
500241,秀山土家族苗族自治县,50,02,41
500242,酉阳土家族苗族自治县,50,02,42
500243,彭水苗族土家族自治县,50,02,43
510104,锦江区,51,01,04
510105,青羊区,51,01,05
510106,金牛区,51,01,06
510107,武侯区,51,01,07
510108,成华区,51,01,08
510112,龙泉驿区,51,01,12
510113,青白江区,51,01,13
510114,新都区,51,01,14
510115,温江区,51,01,15
510116,双流区,51,01,16
510117,郫都区,51,01,17
510118,新津区,51,01,18
510121,金堂县,51,01,21
510129,大邑县,51,01,29
510131,蒲江县,51,01,31
510181,都江堰市,51,01,81
510182,彭州市,51,01,82
510183,邛崃市,51,01,83
510184,崇州市,51,01,84
510185,简阳市,51,01,85
510302,自流井区,51,03,02
510303,贡井区,51,03,03
510304,大安区,51,03,04
510311,沿滩区,51,03,11
510321,荣县,51,03,21
510322,富顺县,51,03,22
510402,东区,51,04,02
510403,西区,51,04,03
510411,仁和区,51,04,11
510421,米易县,51,04,21
510422,盐边县,51,04,22
510502,江阳区,51,05,02
510503,纳溪区,51,05,03
510504,龙马潭区,51,05,04
510521,泸县,51,05,21
510522,合江县,51,05,22
510524,叙永县,51,05,24
510525,古蔺县,51,05,25
510603,旌阳区,51,06,03
510604,罗江区,51,06,04
510623,中江县,51,06,23
510681,广汉市,51,06,81
510682,什邡市,51,06,82
510683,绵竹市,51,06,83
510703,涪城区,51,07,03
510704,游仙区,51,07,04
510705,安州区,51,07,05
510722,三台县,51,07,22
510723,盐亭县,51,07,23
510725,梓潼县,51,07,25
510726,北川羌族自治县,51,07,26
510727,平武县,51,07,27
510781,江油市,51,07,81
510802,利州区,51,08,02
510811,昭化区,51,08,11
510812,朝天区,51,08,12
510821,旺苍县,51,08,21
510822,青川县,51,08,22
510823,剑阁县,51,08,23
510824,苍溪县,51,08,24
510903,船山区,51,09,03
510904,安居区,51,09,04
510921,蓬溪县,51,09,21
510923,大英县,51,09,23
510981,射洪市,51,09,81
511002,市中区,51,10,02
511011,东兴区,51,10,11
511024,威远县,51,10,24
511025,资中县,51,10,25
511083,隆昌市,51,10,83
511102,市中区,51,11,02
511111,沙湾区,51,11,11
511112,五通桥区,51,11,12
511113,金口河区,51,11,13
511123,犍为县,51,11,23
511124,井研县,51,11,24
511126,夹江县,51,11,26
511129,沐川县,51,11,29
511132,峨边彝族自治县,51,11,32
511133,马边彝族自治县,51,11,33
511181,峨眉山市,51,11,81
511302,顺庆区,51,13,02
511303,高坪区,51,13,03
511304,嘉陵区,51,13,04
511321,南部县,51,13,21
511322,营山县,51,13,22
511323,蓬安县,51,13,23
511324,仪陇县,51,13,24
511325,西充县,51,13,25
511381,阆中市,51,13,81
511402,东坡区,51,14,02
511403,彭山区,51,14,03
511421,仁寿县,51,14,21
511423,洪雅县,51,14,23
511424,丹棱县,51,14,24
511425,青神县,51,14,25
511502,翠屏区,51,15,02
511503,南溪区,51,15,03
511504,叙州区,51,15,04
511523,江安县,51,15,23
511524,长宁县,51,15,24
511525,高县,51,15,25
511526,珙县,51,15,26
511527,筠连县,51,15,27
511528,兴文县,51,15,28
511529,屏山县,51,15,29
511602,广安区,51,16,02
511603,前锋区,51,16,03
511621,岳池县,51,16,21
511622,武胜县,51,16,22
511623,邻水县,51,16,23
511681,华蓥市,51,16,81
511702,通川区,51,17,02
511703,达川区,51,17,03
511722,宣汉县,51,17,22
511723,开江县,51,17,23
511724,大竹县,51,17,24
511725,渠县,51,17,25
511781,万源市,51,17,81
511802,雨城区,51,18,02
511803,名山区,51,18,03
511822,荥经县,51,18,22
511823,汉源县,51,18,23
511824,石棉县,51,18,24
511825,天全县,51,18,25
511826,芦山县,51,18,26
511827,宝兴县,51,18,27
511902,巴州区,51,19,02
511903,恩阳区,51,19,03
511921,通江县,51,19,21
511922,南江县,51,19,22
511923,平昌县,51,19,23
512002,雁江区,51,20,02
512021,安岳县,51,20,21
512022,乐至县,51,20,22
513201,马尔康市,51,32,01
513221,汶川县,51,32,21
513222,理县,51,32,22
513223,茂县,51,32,23
513224,松潘县,51,32,24
513225,九寨沟县,51,32,25
513226,金川县,51,32,26
513227,小金县,51,32,27
513228,黑水县,51,32,28
513230,壤塘县,51,32,30
513231,阿坝县,51,32,31
513232,若尔盖县,51,32,32
513233,红原县,51,32,33
513301,康定市,51,33,01
513322,泸定县,51,33,22
513323,丹巴县,51,33,23
513324,九龙县,51,33,24
513325,雅江县,51,33,25
513326,道孚县,51,33,26
513327,炉霍县,51,33,27
513328,甘孜县,51,33,28
513329,新龙县,51,33,29
513330,德格县,51,33,30
513331,白玉县,51,33,31
513332,石渠县,51,33,32
513333,色达县,51,33,33
513334,理塘县,51,33,34
513335,巴塘县,51,33,35
513336,乡城县,51,33,36
513337,稻城县,51,33,37
513338,得荣县,51,33,38
513401,西昌市,51,34,01
513422,木里藏族自治县,51,34,22
513423,盐源县,51,34,23
513424,德昌县,51,34,24
513425,会理县,51,34,25
513426,会东县,51,34,26
513427,宁南县,51,34,27
513428,普格县,51,34,28
513429,布拖县,51,34,29
513430,金阳县,51,34,30
513431,昭觉县,51,34,31
513432,喜德县,51,34,32
513433,冕宁县,51,34,33
513434,越西县,51,34,34
513435,甘洛县,51,34,35
513436,美姑县,51,34,36
513437,雷波县,51,34,37
520102,南明区,52,01,02
520103,云岩区,52,01,03
520111,花溪区,52,01,11
520112,乌当区,52,01,12
520113,白云区,52,01,13
520115,观山湖区,52,01,15
520121,开阳县,52,01,21
520122,息烽县,52,01,22
520123,修文县,52,01,23
520181,清镇市,52,01,81
520201,钟山区,52,02,01
520203,六枝特区,52,02,03
520204,水城区,52,02,04
520281,盘州市,52,02,81
520302,红花岗区,52,03,02
520303,汇川区,52,03,03
520304,播州区,52,03,04
520322,桐梓县,52,03,22
520323,绥阳县,52,03,23
520324,正安县,52,03,24
520325,道真仡佬族苗族自治县,52,03,25
520326,务川仡佬族苗族自治县,52,03,26
520327,凤冈县,52,03,27
520328,湄潭县,52,03,28
520329,余庆县,52,03,29
520330,习水县,52,03,30
520381,赤水市,52,03,81
520382,仁怀市,52,03,82
520402,西秀区,52,04,02
520403,平坝区,52,04,03
520422,普定县,52,04,22
520423,镇宁布依族苗族自治县,52,04,23
520424,关岭布依族苗族自治县,52,04,24
520425,紫云苗族布依族自治县,52,04,25
520502,七星关区,52,05,02
520521,大方县,52,05,21
520522,黔西县,52,05,22
520523,金沙县,52,05,23
520524,织金县,52,05,24
520525,纳雍县,52,05,25
520526,威宁彝族回族苗族自治县,52,05,26
520527,赫章县,52,05,27
520602,碧江区,52,06,02
520603,万山区,52,06,03
520621,江口县,52,06,21
520622,玉屏侗族自治县,52,06,22
520623,石阡县,52,06,23
520624,思南县,52,06,24
520625,印江土家族苗族自治县,52,06,25
520626,德江县,52,06,26
520627,沿河土家族自治县,52,06,27
520628,松桃苗族自治县,52,06,28
522301,兴义市,52,23,01
522302,兴仁市,52,23,02
522323,普安县,52,23,23
522324,晴隆县,52,23,24
522325,贞丰县,52,23,25
522326,望谟县,52,23,26
522327,册亨县,52,23,27
522328,安龙县,52,23,28
522601,凯里市,52,26,01
522622,黄平县,52,26,22
522623,施秉县,52,26,23
522624,三穗县,52,26,24
522625,镇远县,52,26,25
522626,岑巩县,52,26,26
522627,天柱县,52,26,27
522628,锦屏县,52,26,28
522629,剑河县,52,26,29
522630,台江县,52,26,30
522631,黎平县,52,26,31
522632,榕江县,52,26,32
522633,从江县,52,26,33
522634,雷山县,52,26,34
522635,麻江县,52,26,35
522636,丹寨县,52,26,36
522701,都匀市,52,27,01
522702,福泉市,52,27,02
522722,荔波县,52,27,22
522723,贵定县,52,27,23
522725,瓮安县,52,27,25
522726,独山县,52,27,26
522727,平塘县,52,27,27
522728,罗甸县,52,27,28
522729,长顺县,52,27,29
522730,龙里县,52,27,30
522731,惠水县,52,27,31
522732,三都水族自治县,52,27,32
530102,五华区,53,01,02
530103,盘龙区,53,01,03
530111,官渡区,53,01,11
530112,西山区,53,01,12
530113,东川区,53,01,13
530114,呈贡区,53,01,14
530115,晋宁区,53,01,15
530124,富民县,53,01,24
530125,宜良县,53,01,25
530126,石林彝族自治县,53,01,26
530127,嵩明县,53,01,27
530128,禄劝彝族苗族自治县,53,01,28
530129,寻甸回族彝族自治县,53,01,29
530181,安宁市,53,01,81
530302,麒麟区,53,03,02
530303,沾益区,53,03,03
530304,马龙区,53,03,04
530322,陆良县,53,03,22
530323,师宗县,53,03,23
530324,罗平县,53,03,24
530325,富源县,53,03,25
530326,会泽县,53,03,26
530381,宣威市,53,03,81
530402,红塔区,53,04,02
530403,江川区,53,04,03
530423,通海县,53,04,23
530424,华宁县,53,04,24
530425,易门县,53,04,25
530426,峨山彝族自治县,53,04,26
530427,新平彝族傣族自治县,53,04,27
530428,元江哈尼族彝族傣族自治县,53,04,28
530481,澄江市,53,04,81
530502,隆阳区,53,05,02
530521,施甸县,53,05,21
530523,龙陵县,53,05,23
530524,昌宁县,53,05,24
530581,腾冲市,53,05,81
530602,昭阳区,53,06,02
530621,鲁甸县,53,06,21
530622,巧家县,53,06,22
530623,盐津县,53,06,23
530624,大关县,53,06,24
530625,永善县,53,06,25
530626,绥江县,53,06,26
530627,镇雄县,53,06,27
530628,彝良县,53,06,28
530629,威信县,53,06,29
530681,水富市,53,06,81
530702,古城区,53,07,02
530721,玉龙纳西族自治县,53,07,21
530722,永胜县,53,07,22
530723,华坪县,53,07,23
530724,宁蒗彝族自治县,53,07,24
530802,思茅区,53,08,02
530821,宁洱哈尼族彝族自治县,53,08,21
530822,墨江哈尼族自治县,53,08,22
530823,景东彝族自治县,53,08,23
530824,景谷傣族彝族自治县,53,08,24
530825,镇沅彝族哈尼族拉祜族自治县,53,08,25
530826,江城哈尼族彝族自治县,53,08,26
530827,孟连傣族拉祜族佤族自治县,53,08,27
530828,澜沧拉祜族自治县,53,08,28
530829,西盟佤族自治县,53,08,29
530902,临翔区,53,09,02
530921,凤庆县,53,09,21
530922,云县,53,09,22
530923,永德县,53,09,23
530924,镇康县,53,09,24
530925,双江拉祜族佤族布朗族傣族自治县,53,09,25
530926,耿马傣族佤族自治县,53,09,26
530927,沧源佤族自治县,53,09,27
532301,楚雄市,53,23,01
532322,双柏县,53,23,22
532323,牟定县,53,23,23
532324,南华县,53,23,24
532325,姚安县,53,23,25
532326,大姚县,53,23,26
532327,永仁县,53,23,27
532328,元谋县,53,23,28
532329,武定县,53,23,29
532331,禄丰县,53,23,31
532501,个旧市,53,25,01
532502,开远市,53,25,02
532503,蒙自市,53,25,03
532504,弥勒市,53,25,04
532523,屏边苗族自治县,53,25,23
532524,建水县,53,25,24
532525,石屏县,53,25,25
532527,泸西县,53,25,27
532528,元阳县,53,25,28
532529,红河县,53,25,29
532530,金平苗族瑶族傣族自治县,53,25,30
532531,绿春县,53,25,31
532532,河口瑶族自治县,53,25,32
532601,文山市,53,26,01
532622,砚山县,53,26,22
532623,西畴县,53,26,23
532624,麻栗坡县,53,26,24
532625,马关县,53,26,25
532626,丘北县,53,26,26
532627,广南县,53,26,27
532628,富宁县,53,26,28
532801,景洪市,53,28,01
532822,勐海县,53,28,22
532823,勐腊县,53,28,23
532901,大理市,53,29,01
532922,漾濞彝族自治县,53,29,22
532923,祥云县,53,29,23
532924,宾川县,53,29,24
532925,弥渡县,53,29,25
532926,南涧彝族自治县,53,29,26
532927,巍山彝族回族自治县,53,29,27
532928,永平县,53,29,28
532929,云龙县,53,29,29
532930,洱源县,53,29,30
532931,剑川县,53,29,31
532932,鹤庆县,53,29,32
533102,瑞丽市,53,31,02
533103,芒市,53,31,03
533122,梁河县,53,31,22
533123,盈江县,53,31,23
533124,陇川县,53,31,24
533301,泸水市,53,33,01
533323,福贡县,53,33,23
533324,贡山独龙族怒族自治县,53,33,24
533325,兰坪白族普米族自治县,53,33,25
533401,香格里拉市,53,34,01
533422,德钦县,53,34,22
533423,维西傈僳族自治县,53,34,23
540102,城关区,54,01,02
540103,堆龙德庆区,54,01,03
540104,达孜区,54,01,04
540121,林周县,54,01,21
540122,当雄县,54,01,22
540123,尼木县,54,01,23
540124,曲水县,54,01,24
540127,墨竹工卡县,54,01,27
540202,桑珠孜区,54,02,02
540221,南木林县,54,02,21
540222,江孜县,54,02,22
540223,定日县,54,02,23
540224,萨迦县,54,02,24
540225,拉孜县,54,02,25
540226,昂仁县,54,02,26
540227,谢通门县,54,02,27
540228,白朗县,54,02,28
540229,仁布县,54,02,29
540230,康马县,54,02,30
540231,定结县,54,02,31
540232,仲巴县,54,02,32
540233,亚东县,54,02,33
540234,吉隆县,54,02,34
540235,聂拉木县,54,02,35
540236,萨嘎县,54,02,36
540237,岗巴县,54,02,37
540302,卡若区,54,03,02
540321,江达县,54,03,21
540322,贡觉县,54,03,22
540323,类乌齐县,54,03,23
540324,丁青县,54,03,24
540325,察雅县,54,03,25
540326,八宿县,54,03,26
540327,左贡县,54,03,27
540328,芒康县,54,03,28
540329,洛隆县,54,03,29
540330,边坝县,54,03,30
540402,巴宜区,54,04,02
540421,工布江达县,54,04,21
540422,米林县,54,04,22
540423,墨脱县,54,04,23
540424,波密县,54,04,24
540425,察隅县,54,04,25
540426,朗县,54,04,26
540502,乃东区,54,05,02
540521,扎囊县,54,05,21
540522,贡嘎县,54,05,22
540523,桑日县,54,05,23
540524,琼结县,54,05,24
540525,曲松县,54,05,25
540526,措美县,54,05,26
540527,洛扎县,54,05,27
540528,加查县,54,05,28
540529,隆子县,54,05,29
540530,错那县,54,05,30
540531,浪卡子县,54,05,31
540602,色尼区,54,06,02
540621,嘉黎县,54,06,21
540622,比如县,54,06,22
540623,聂荣县,54,06,23
540624,安多县,54,06,24
540625,申扎县,54,06,25
540626,索县,54,06,26
540627,班戈县,54,06,27
540628,巴青县,54,06,28
540629,尼玛县,54,06,29
540630,双湖县,54,06,30
542521,普兰县,54,25,21
542522,札达县,54,25,22
542523,噶尔县,54,25,23
542524,日土县,54,25,24
542525,革吉县,54,25,25
542526,改则县,54,25,26
542527,措勤县,54,25,27
610102,新城区,61,01,02
610103,碑林区,61,01,03
610104,莲湖区,61,01,04
610111,灞桥区,61,01,11
610112,未央区,61,01,12
610113,雁塔区,61,01,13
610114,阎良区,61,01,14
610115,临潼区,61,01,15
610116,长安区,61,01,16
610117,高陵区,61,01,17
610118,鄠邑区,61,01,18
610122,蓝田县,61,01,22
610124,周至县,61,01,24
610202,王益区,61,02,02
610203,印台区,61,02,03
610204,耀州区,61,02,04
610222,宜君县,61,02,22
610302,渭滨区,61,03,02
610303,金台区,61,03,03
610304,陈仓区,61,03,04
610322,凤翔县,61,03,22
610323,岐山县,61,03,23
610324,扶风县,61,03,24
610326,眉县,61,03,26
610327,陇县,61,03,27
610328,千阳县,61,03,28
610329,麟游县,61,03,29
610330,凤县,61,03,30
610331,太白县,61,03,31
610402,秦都区,61,04,02
610403,杨陵区,61,04,03
610404,渭城区,61,04,04
610422,三原县,61,04,22
610423,泾阳县,61,04,23
610424,乾县,61,04,24
610425,礼泉县,61,04,25
610426,永寿县,61,04,26
610428,长武县,61,04,28
610429,旬邑县,61,04,29
610430,淳化县,61,04,30
610431,武功县,61,04,31
610481,兴平市,61,04,81
610482,彬州市,61,04,82
610502,临渭区,61,05,02
610503,华州区,61,05,03
610522,潼关县,61,05,22
610523,大荔县,61,05,23
610524,合阳县,61,05,24
610525,澄城县,61,05,25
610526,蒲城县,61,05,26
610527,白水县,61,05,27
610528,富平县,61,05,28
610581,韩城市,61,05,81
610582,华阴市,61,05,82
610602,宝塔区,61,06,02
610603,安塞区,61,06,03
610621,延长县,61,06,21
610622,延川县,61,06,22
610625,志丹县,61,06,25
610626,吴起县,61,06,26
610627,甘泉县,61,06,27
610628,富县,61,06,28
610629,洛川县,61,06,29
610630,宜川县,61,06,30
610631,黄龙县,61,06,31
610632,黄陵县,61,06,32
610681,子长市,61,06,81
610702,汉台区,61,07,02
610703,南郑区,61,07,03
610722,城固县,61,07,22
610723,洋县,61,07,23
610724,西乡县,61,07,24
610725,勉县,61,07,25
610726,宁强县,61,07,26
610727,略阳县,61,07,27
610728,镇巴县,61,07,28
610729,留坝县,61,07,29
610730,佛坪县,61,07,30
610802,榆阳区,61,08,02
610803,横山区,61,08,03
610822,府谷县,61,08,22
610824,靖边县,61,08,24
610825,定边县,61,08,25
610826,绥德县,61,08,26
610827,米脂县,61,08,27
610828,佳县,61,08,28
610829,吴堡县,61,08,29
610830,清涧县,61,08,30
610831,子洲县,61,08,31
610881,神木市,61,08,81
610902,汉滨区,61,09,02
610921,汉阴县,61,09,21
610922,石泉县,61,09,22
610923,宁陕县,61,09,23
610924,紫阳县,61,09,24
610925,岚皋县,61,09,25
610926,平利县,61,09,26
610927,镇坪县,61,09,27
610928,旬阳县,61,09,28
610929,白河县,61,09,29
611002,商州区,61,10,02
611021,洛南县,61,10,21
611022,丹凤县,61,10,22
611023,商南县,61,10,23
611024,山阳县,61,10,24
611025,镇安县,61,10,25
611026,柞水县,61,10,26
620102,城关区,62,01,02
620103,七里河区,62,01,03
620104,西固区,62,01,04
620105,安宁区,62,01,05
620111,红古区,62,01,11
620121,永登县,62,01,21
620122,皋兰县,62,01,22
620123,榆中县,62,01,23
620302,金川区,62,03,02
620321,永昌县,62,03,21
620402,白银区,62,04,02
620403,平川区,62,04,03
620421,靖远县,62,04,21
620422,会宁县,62,04,22
620423,景泰县,62,04,23
620502,秦州区,62,05,02
620503,麦积区,62,05,03
620521,清水县,62,05,21
620522,秦安县,62,05,22
620523,甘谷县,62,05,23
620524,武山县,62,05,24
620525,张家川回族自治县,62,05,25
620602,凉州区,62,06,02
620621,民勤县,62,06,21
620622,古浪县,62,06,22
620623,天祝藏族自治县,62,06,23
620702,甘州区,62,07,02
620721,肃南裕固族自治县,62,07,21
620722,民乐县,62,07,22
620723,临泽县,62,07,23
620724,高台县,62,07,24
620725,山丹县,62,07,25
620802,崆峒区,62,08,02
620821,泾川县,62,08,21
620822,灵台县,62,08,22
620823,崇信县,62,08,23
620825,庄浪县,62,08,25
620826,静宁县,62,08,26
620881,华亭市,62,08,81
620902,肃州区,62,09,02
620921,金塔县,62,09,21
620922,瓜州县,62,09,22
620923,肃北蒙古族自治县,62,09,23
620924,阿克塞哈萨克族自治县,62,09,24
620981,玉门市,62,09,81
620982,敦煌市,62,09,82
621002,西峰区,62,10,02
621021,庆城县,62,10,21
621022,环县,62,10,22
621023,华池县,62,10,23
621024,合水县,62,10,24
621025,正宁县,62,10,25
621026,宁县,62,10,26
621027,镇原县,62,10,27
621102,安定区,62,11,02
621121,通渭县,62,11,21
621122,陇西县,62,11,22
621123,渭源县,62,11,23
621124,临洮县,62,11,24
621125,漳县,62,11,25
621126,岷县,62,11,26
621202,武都区,62,12,02
621221,成县,62,12,21
621222,文县,62,12,22
621223,宕昌县,62,12,23
621224,康县,62,12,24
621225,西和县,62,12,25
621226,礼县,62,12,26
621227,徽县,62,12,27
621228,两当县,62,12,28
622901,临夏市,62,29,01
622921,临夏县,62,29,21
622922,康乐县,62,29,22
622923,永靖县,62,29,23
622924,广河县,62,29,24
622925,和政县,62,29,25
622926,东乡族自治县,62,29,26
622927,积石山保安族东乡族撒拉族自治县,62,29,27
623001,合作市,62,30,01
623021,临潭县,62,30,21
623022,卓尼县,62,30,22
623023,舟曲县,62,30,23
623024,迭部县,62,30,24
623025,玛曲县,62,30,25
623026,碌曲县,62,30,26
623027,夏河县,62,30,27
630102,城东区,63,01,02
630103,城中区,63,01,03
630104,城西区,63,01,04
630105,城北区,63,01,05
630106,湟中区,63,01,06
630121,大通回族土族自治县,63,01,21
630123,湟源县,63,01,23
630202,乐都区,63,02,02
630203,平安区,63,02,03
630222,民和回族土族自治县,63,02,22
630223,互助土族自治县,63,02,23
630224,化隆回族自治县,63,02,24
630225,循化撒拉族自治县,63,02,25
632221,门源回族自治县,63,22,21
632222,祁连县,63,22,22
632223,海晏县,63,22,23
632224,刚察县,63,22,24
632301,同仁市,63,23,01
632322,尖扎县,63,23,22
632323,泽库县,63,23,23
632324,河南蒙古族自治县,63,23,24
632521,共和县,63,25,21
632522,同德县,63,25,22
632523,贵德县,63,25,23
632524,兴海县,63,25,24
632525,贵南县,63,25,25
632621,玛沁县,63,26,21
632622,班玛县,63,26,22
632623,甘德县,63,26,23
632624,达日县,63,26,24
632625,久治县,63,26,25
632626,玛多县,63,26,26
632701,玉树市,63,27,01
632722,杂多县,63,27,22
632723,称多县,63,27,23
632724,治多县,63,27,24
632725,囊谦县,63,27,25
632726,曲麻莱县,63,27,26
632801,格尔木市,63,28,01
632802,德令哈市,63,28,02
632803,茫崖市,63,28,03
632821,乌兰县,63,28,21
632822,都兰县,63,28,22
632823,天峻县,63,28,23
640104,兴庆区,64,01,04
640105,西夏区,64,01,05
640106,金凤区,64,01,06
640121,永宁县,64,01,21
640122,贺兰县,64,01,22
640181,灵武市,64,01,81
640202,大武口区,64,02,02
640205,惠农区,64,02,05
640221,平罗县,64,02,21
640302,利通区,64,03,02
640303,红寺堡区,64,03,03
640323,盐池县,64,03,23
640324,同心县,64,03,24
640381,青铜峡市,64,03,81
640402,原州区,64,04,02
640422,西吉县,64,04,22
640423,隆德县,64,04,23
640424,泾源县,64,04,24
640425,彭阳县,64,04,25
640502,沙坡头区,64,05,02
640521,中宁县,64,05,21
640522,海原县,64,05,22
650102,天山区,65,01,02
650103,沙依巴克区,65,01,03
650104,新市区,65,01,04
650105,水磨沟区,65,01,05
650106,头屯河区,65,01,06
650107,达坂城区,65,01,07
650109,米东区,65,01,09
650121,乌鲁木齐县,65,01,21
650202,独山子区,65,02,02
650203,克拉玛依区,65,02,03
650204,白碱滩区,65,02,04
650205,乌尔禾区,65,02,05
650402,高昌区,65,04,02
650421,鄯善县,65,04,21
650422,托克逊县,65,04,22
650502,伊州区,65,05,02
650521,巴里坤哈萨克自治县,65,05,21
650522,伊吾县,65,05,22
652301,昌吉市,65,23,01
652302,阜康市,65,23,02
652323,呼图壁县,65,23,23
652324,玛纳斯县,65,23,24
652325,奇台县,65,23,25
652327,吉木萨尔县,65,23,27
652328,木垒哈萨克自治县,65,23,28
652701,博乐市,65,27,01
652702,阿拉山口市,65,27,02
652722,精河县,65,27,22
652723,温泉县,65,27,23
652801,库尔勒市,65,28,01
652822,轮台县,65,28,22
652823,尉犁县,65,28,23
652824,若羌县,65,28,24
652825,且末县,65,28,25
652826,焉耆回族自治县,65,28,26
652827,和静县,65,28,27
652828,和硕县,65,28,28
652829,博湖县,65,28,29
652901,阿克苏市,65,29,01
652902,库车市,65,29,02
652922,温宿县,65,29,22
652924,沙雅县,65,29,24
652925,新和县,65,29,25
652926,拜城县,65,29,26
652927,乌什县,65,29,27
652928,阿瓦提县,65,29,28
652929,柯坪县,65,29,29
653001,阿图什市,65,30,01
653022,阿克陶县,65,30,22
653023,阿合奇县,65,30,23
653024,乌恰县,65,30,24
653101,喀什市,65,31,01
653121,疏附县,65,31,21
653122,疏勒县,65,31,22
653123,英吉沙县,65,31,23
653124,泽普县,65,31,24
653125,莎车县,65,31,25
653126,叶城县,65,31,26
653127,麦盖提县,65,31,27
653128,岳普湖县,65,31,28
653129,伽师县,65,31,29
653130,巴楚县,65,31,30
653131,塔什库尔干塔吉克自治县,65,31,31
653201,和田市,65,32,01
653221,和田县,65,32,21
653222,墨玉县,65,32,22
653223,皮山县,65,32,23
653224,洛浦县,65,32,24
653225,策勒县,65,32,25
653226,于田县,65,32,26
653227,民丰县,65,32,27
654002,伊宁市,65,40,02
654003,奎屯市,65,40,03
654004,霍尔果斯市,65,40,04
654021,伊宁县,65,40,21
654022,察布查尔锡伯自治县,65,40,22
654023,霍城县,65,40,23
654024,巩留县,65,40,24
654025,新源县,65,40,25
654026,昭苏县,65,40,26
654027,特克斯县,65,40,27
654028,尼勒克县,65,40,28
654201,塔城市,65,42,01
654202,乌苏市,65,42,02
654221,额敏县,65,42,21
654223,沙湾县,65,42,23
654224,托里县,65,42,24
654225,裕民县,65,42,25
654226,和布克赛尔蒙古自治县,65,42,26
654301,阿勒泰市,65,43,01
654321,布尔津县,65,43,21
654322,富蕴县,65,43,22
654323,福海县,65,43,23
654324,哈巴河县,65,43,24
654325,青河县,65,43,25
654326,吉木乃县,65,43,26
659001,石河子市,65,90,01
659002,阿拉尔市,65,90,02
659003,图木舒克市,65,90,03
659004,五家渠市,65,90,04
659005,北屯市,65,90,05
659006,铁门关市,65,90,06
659007,双河市,65,90,07
659008,可克达拉市,65,90,08
659009,昆玉市,65,90,09
659010,胡杨河市,65,90,10
659011,新星市,65,90,11
460321,西沙群岛,46,03,21
460322,南沙群岛,46,03,22
460323,中沙群岛的岛礁及其海域,46,03,23